OBJECTID_12,KOD_OBEC,NAZ_OBEC,KOD_ZUJ,NAZ_ZUJ,KOD_POU,NAZ_POU,KOD_ORP,NAZ_ORP,KOD_OKRES,KOD_LAU1,NAZ_LAU1,KOD_KRAJ,KOD_CZNUTS3,NAZ_CZNUTS3,SNATKY,ROZVODY,NAROZENI,ZEMRELI,PRISTEHOVALI,VYSTEHOVALI,POCET_OBYV,MUZI,ZENY,OBYV_0_14,MUZI_0_14,ZENY_0_14,OBYV_15_64,MUZI_15_64,ZENY_15_64,OBYV_65,MUZI_65,ZENY_65,MIRA_NEZAM,SX,SY,Kód,Název,ObjectID,Shape__Area,Shape__Length,kod,nazev,ObjectID_1,SHAPE_Length,SHAPE_Area
1,584223,Zbýšov,584223,Zbýšov,62141,Rosice,6214,Rosice,40720,CZ0643,Brno-venkov,3115,CZ064,Jihomoravský kraj,8,11,47,47,90,96,3840,1889,1951,601,295,306,2494,1282,1212,745,312,433,7.539683,-617053.38655945,-1163357.52117446,584223,Zbýšov,180,6011999.82641602,12007.52072879,,,,0.137319603056308,0.000741203159724873
2,506699,Otmarov,506699,Otmarov,62211,Židlochovice,6221,Židlochovice,40720,CZ0643,Brno-venkov,3115,CZ064,Jihomoravský kraj,1,1,8,2,18,0,325,166,159,76,41,35,210,106,104,39,19,20,5.527638,-594514.70523094,-1171204.10819754,506699,Otmarov,108,1252043.29101563,5894.11729356,506699,Otmarov,106,0.0650060588223176,0.000154213440784443
3,583821,Řícmanice,583821,Řícmanice,62161,Šlapanice,6216,Šlapanice,40720,CZ0643,Brno-venkov,3115,CZ064,Jihomoravský kraj,4,1,10,8,22,31,778,389,389,145,75,70,488,245,243,145,69,76,5.050505,-591177.64566572,-1154391.27490517,583821,Řícmanice,136,1496338.93884277,6466.81185577,583821,Řícmanice,135,0.0773410822640151,0.000184870413500037
4,584207,Zastávka,584207,Zastávka,62141,Rosice,6214,Rosice,40720,CZ0643,Brno-venkov,3115,CZ064,Jihomoravský kraj,11,11,23,67,98,84,2527,1178,1349,387,210,177,1551,761,790,589,207,382,6.368222,-616234.76035846,-1159361.78737953,584207,Zastávka,178,1195003.41882324,6686.86258372,584207,Zastávka,177,0.0781483035510192,0.00014743669971227
5,549738,Ponětovice,549738,Ponětovice,62161,Šlapanice,6216,Šlapanice,40720,CZ0643,Brno-venkov,3115,CZ064,Jihomoravský kraj,3,0,5,7,7,14,404,197,207,81,45,36,253,120,133,70,32,38,7.662835,-588483.90877936,-1166791.25932337,549738,Ponětovice,112,2409859.49157715,6733.73467772,549738,Ponětovice,111,0.0771208610478187,0.000297090004498347
6,582921,Česká,582921,Česká,62091,Kuřim,6209,Kuřim,40720,CZ0643,Brno-venkov,3115,CZ064,Jihomoravský kraj,5,2,12,7,41,37,1005,486,519,168,85,83,656,324,332,181,77,104,3.799392,-600346.70008118,-1151066.36061946,582921,Česká,21,1993406.20324707,7474.59539629,582921,Česká,20,0.085369737897944,0.000246385386128451
7,583499,Nesvačilka,583499,Nesvačilka,62211,Židlochovice,6221,Židlochovice,40720,CZ0643,Brno-venkov,3115,CZ064,Jihomoravský kraj,2,1,4,4,16,10,328,169,159,43,27,16,236,120,116,49,22,27,6.034483,-588859.01597724,-1176332.84347411,583499,Nesvačilka,95,2696723.65582275,7489.27729876,583499,Nesvačilka,93,0.0868506022415413,0.000331885948204461
8,549789,Říčky,549789,Říčky,62141,Rosice,6214,Rosice,40720,CZ0643,Brno-venkov,3115,CZ064,Jihomoravský kraj,2,0,6,2,17,4,352,173,179,63,24,39,237,126,111,52,23,29,6.550218,-615566.89985262,-1154361.46036925,549789,Říčky,138,2591288.28070068,7532.22319412,549789,Říčky,137,0.0892792192443941,0.000319998049519073
9,582999,Hajany,582999,Hajany,62161,Šlapanice,6216,Šlapanice,40720,CZ0643,Brno-venkov,3115,CZ064,Jihomoravský kraj,1,0,8,6,20,20,404,205,199,71,40,31,262,138,124,71,27,44,3.333333,-603327.97748483,-1169990.1118351,582999,Hajany,32,2355249.19213867,7907.1334891,582999,Hajany,31,0.0869443655662784,0.000290107577615375
10,583235,Kratochvilka,583235,Kratochvilka,62141,Rosice,6214,Rosice,40720,CZ0643,Brno-venkov,3115,CZ064,Jihomoravský kraj,2,1,5,6,7,8,466,249,217,69,33,36,313,178,135,84,38,46,7.886435,-615520.35401048,-1163039.9192225,583235,Kratochvilka,59,1504726.25604248,8002.46779004,583235,Kratochvilka,59,0.0927437173629418,0.000185529952050417
11,584096,Velatice,584096,Velatice,62161,Šlapanice,6216,Šlapanice,40720,CZ0643,Brno-venkov,3115,CZ064,Jihomoravský kraj,0,1,12,5,27,18,699,347,352,120,54,66,480,246,234,99,47,52,3.655914,-587727.64411026,-1161780.90070091,584096,Velatice,165,2263045.34484863,8412.43706592,584096,Velatice,164,0.0884042577016406,0.000279244724253786
12,584134,Vohančice,584134,Vohančice,62171,Tišnov,6217,Tišnov,40720,CZ0643,Brno-venkov,3115,CZ064,Jihomoravský kraj,2,0,2,2,8,1,188,93,95,33,13,20,129,70,59,26,10,16,3.174603,-612206.72796263,-1144539.28109519,,,,3391626.07781982,8995.29466031,584134,Vohančice,170,0.10530736203135,0.000419598566503841
13,583791,Rozdrojovice,583791,Rozdrojovice,62091,Kuřim,6209,Kuřim,40720,CZ0643,Brno-venkov,3115,CZ064,Jihomoravský kraj,5,2,7,3,46,18,986,485,501,180,89,91,647,325,322,159,71,88,3.785489,-603957.10665744,-1153753.66669249,583791,Rozdrojovice,133,2828032.52429199,9076.44354194,583791,Rozdrojovice,132,0.105359560645329,0.00034935238124108
14,583651,Popovice,583651,Popovice,62211,Židlochovice,6221,Židlochovice,40720,CZ0643,Brno-venkov,3115,CZ064,Jihomoravský kraj,1,0,1,7,7,2,351,159,192,66,32,34,222,101,121,63,26,37,3.211009,-599076.19426093,-1170982.2562491,583651,Popovice,113,2616407.2409668,9089.98812696,583651,Popovice,112,0.106043992811428,0.000322245603147634
15,593699,Zbýšov,593699,Zbýšov,62151,Slavkov u Brna,6215,Slavkov u Brna,40754,CZ0646,Vyškov,3115,CZ064,Jihomoravský kraj,5,1,6,5,14,7,625,295,330,135,67,68,421,203,218,69,25,44,3.309693,-584915.31677578,-1168965.20605174,593699,Zbýšov,181,4793911.92590332,9216.14053827,593699,Zbýšov,179,0.107183123496102,0.000590808969932494
16,582891,Březina (dříve okres Tišnov),582891,Březina (dříve okres Tišnov),62171,Tišnov,6217,Tišnov,40720,CZ0643,Brno-venkov,3115,CZ064,Jihomoravský kraj,1,0,1,5,7,4,310,152,158,39,21,18,201,102,99,70,29,41,6.965174,-610269.57670767,-1145061.46402987,582891,Březina (dříve okres Tišnov),16,3194643.41070557,9224.71690648,582891,Březina (dříve okres Tišnov),14,0.106219684544857,0.000395206816190556
17,583014,Heroltice,583014,Heroltice,62171,Tišnov,6217,Tišnov,40720,CZ0643,Brno-venkov,3115,CZ064,Jihomoravský kraj,2,0,1,0,2,3,201,100,101,29,15,14,135,68,67,37,17,20,6.666667,-611564.65748197,-1146463.16021413,,,,3419195.15789795,9323.68533859,583014,Heroltice,32,0.110594509233232,0.000422868707881005
18,583685,Prace,583685,Prace,62161,Šlapanice,6216,Šlapanice,40720,CZ0643,Brno-venkov,3115,CZ064,Jihomoravský kraj,2,0,16,11,31,19,959,482,477,177,89,88,613,317,296,169,76,93,4.494382,-587371.98589799,-1168390.87147958,583685,Prace,116,4707069.19927979,9535.70143906,583685,Prace,115,0.108647937329803,0.000580138728809695
19,550795,Podbřežice,550795,Podbřežice,62192,Rousínov,6219,Vyškov,40754,CZ0646,Vyškov,3115,CZ064,Jihomoravský kraj,1,0,2,1,7,4,249,120,129,38,14,24,168,91,77,43,15,28,4.347826,-574320.82311382,-1161329.13634396,550795,Podbřežice,110,3533119.7666626,9572.93392479,550795,Podbřežice,108,0.107309718310088,0.000436108486470455
20,583227,Kovalovice,583227,Kovalovice,62161,Šlapanice,6216,Šlapanice,40720,CZ0643,Brno-venkov,3115,CZ064,Jihomoravský kraj,4,1,14,6,17,16,640,312,328,105,54,51,410,206,204,125,52,73,4.086538,-582582.10434674,-1162164.05408572,583227,Kovalovice,57,4710716.50933838,9854.79558274,583227,Kovalovice,57,0.113503181792585,0.000581287898291121
21,583456,Nebovidy,583456,Nebovidy,62161,Šlapanice,6216,Šlapanice,40720,CZ0643,Brno-venkov,3115,CZ064,Jihomoravský kraj,2,3,17,4,37,10,737,358,379,147,67,80,499,253,246,91,38,53,2.68595,-603507.61659351,-1166158.02010205,583456,Nebovidy,90,4497017.94244385,10095.61965853,583456,Nebovidy,88,0.117701925667403,0.000554297701873009
22,581909,Lažany,581909,Lažany,62012,Blansko,6201,Blansko,40703,CZ0641,Blansko,3115,CZ064,Jihomoravský kraj,4,0,4,3,3,12,421,202,219,64,29,35,288,145,143,69,28,41,6.040268,-600486.57040139,-1142097.84466536,581909,Lažany,67,2595907.71923828,10105.36096411,581909,Lažany,66,0.110993346950399,0.000321370176244572
23,583774,Rebešovice,583774,Rebešovice,62161,Šlapanice,6216,Šlapanice,40720,CZ0643,Brno-venkov,3115,CZ064,Jihomoravský kraj,10,0,9,5,44,31,958,468,490,189,90,99,657,328,329,112,50,62,4.179567,-596373.87198389,-1170499.3489291,583774,Rebešovice,129,4110425.72259521,10185.51131361,583774,Rebešovice,128,0.121267613579593,0.000506324365356241
24,583472,Němčičky,583472,Němčičky,62081,Ivančice,6208,Ivančice,40720,CZ0643,Brno-venkov,3115,CZ064,Jihomoravský kraj,1,0,3,1,4,13,320,151,169,53,25,28,225,105,120,42,21,21,5.217391,-606888.4306059,-1175923.08446678,583472,Němčičky,92,4574167.67419434,10295.64516074,583472,Němčičky,90,0.121948421831855,0.000562785178801211
25,581445,Bukovina,581445,Bukovina,62012,Blansko,6201,Blansko,40703,CZ0641,Blansko,3115,CZ064,Jihomoravský kraj,2,1,3,3,29,11,389,185,204,83,40,43,252,121,131,54,24,30,2.469136,-584902.63297644,-1150723.5786583,581445,Bukovina,17,2728060.23919678,10368.65331796,581445,Bukovina,16,0.119784450751694,0.000337309303422267
26,584177,Vysoké Popovice,584177,Vysoké Popovice,62141,Rosice,6214,Rosice,40720,CZ0643,Brno-venkov,3115,CZ064,Jihomoravský kraj,0,0,11,6,34,20,697,336,361,127,61,66,443,222,221,127,53,74,4.195804,-621769.18455679,-1159321.70798389,584177,Vysoké Popovice,175,3900117.68054199,10385.35053653,584177,Vysoké Popovice,175,0.123516185262335,0.000481136543801957
27,593079,Hrušky,593079,Hrušky,62151,Slavkov u Brna,6215,Slavkov u Brna,40754,CZ0646,Vyškov,3115,CZ064,Jihomoravský kraj,4,2,11,11,15,12,771,370,401,133,57,76,501,251,250,137,62,75,3.937008,-582297.85213536,-1170801.12089707,593079,Hrušky,41,5467096.4453125,10399.7680955,593079,Hrušky,41,0.119761506527774,0.000673585728660236
28,582841,Blažovice,582841,Blažovice,62161,Šlapanice,6216,Šlapanice,40720,CZ0643,Brno-venkov,3115,CZ064,Jihomoravský kraj,4,5,22,8,31,14,1217,609,608,238,126,112,783,396,387,196,87,109,4.585987,-585539.58064235,-1165853.95862541,582841,Blažovice,8,5940524.82006836,10421.37231033,582841,Blažovice,6,0.119170061546773,0.000732517972240576
29,583031,Holasice,583031,Holasice,62211,Židlochovice,6221,Židlochovice,40720,CZ0643,Brno-venkov,3115,CZ064,Jihomoravský kraj,9,1,15,8,36,19,1121,580,541,220,116,104,751,401,350,150,63,87,4.092769,-600285.04660004,-1174207.07716245,583031,Holasice,36,3533735.90197754,10454.82540017,583031,Holasice,36,0.122274267507346,0.000434965574323039
30,593052,Hostěrádky-Rešov,593052,Hostěrádky-Rešov,62151,Slavkov u Brna,6215,Slavkov u Brna,40754,CZ0646,Vyškov,3115,CZ064,Jihomoravský kraj,3,2,10,6,17,19,848,419,429,127,61,66,564,287,277,157,71,86,4.409171,-586554.9062994,-1170395.94202699,593052,Hostěrádky-Rešov,39,4675245.1395874,10537.82487274,593052,Hostěrádky-Rešov,39,0.123715887109788,0.000576019018378329
31,584061,Unkovice,584061,Unkovice,62211,Židlochovice,6221,Židlochovice,40720,CZ0643,Brno-venkov,3115,CZ064,Jihomoravský kraj,3,1,6,10,27,12,724,369,355,113,54,59,490,256,234,121,59,62,3.563941,-601786.75466311,-1180017.45070111,584061,Unkovice,163,3720843.94012451,10554.07648136,584061,Unkovice,162,0.128755590518205,0.00045750752293884
32,583596,Ostopovice,583596,Ostopovice,62161,Šlapanice,6216,Šlapanice,40720,CZ0643,Brno-venkov,3115,CZ064,Jihomoravský kraj,5,2,19,22,58,47,1646,829,817,286,156,130,1036,521,515,324,152,172,4.255319,-603169.13617801,-1164389.32955189,583596,Ostopovice,106,3850478.38989258,10749.95879304,583596,Ostopovice,104,0.125483826427034,0.000474759391558771
33,583693,Pravlov,583693,Pravlov,62081,Ivančice,6208,Ivančice,40720,CZ0643,Brno-venkov,3115,CZ064,Jihomoravský kraj,2,1,5,4,11,10,582,319,263,91,49,42,399,223,176,92,47,45,9.296482,-608654.35584396,-1175109.20066751,583693,Pravlov,117,2910948.1385498,10975.69531216,583693,Pravlov,116,0.124586350097513,0.000358189512939592
34,592994,Dražovice,592994,Dražovice,62051,Bučovice,6205,Bučovice,40754,CZ0646,Vyškov,3115,CZ064,Jihomoravský kraj,3,2,5,7,21,7,904,451,453,156,76,80,600,316,284,148,59,89,2.66223,-573846.32911757,-1163568.55789259,592994,Dražovice,28,6397008.76531982,11111.96508904,592994,Dražovice,27,0.123591086336139,0.000789301828996103
35,582247,Ráječko,582247,Ráječko,62012,Blansko,6201,Blansko,40703,CZ0641,Blansko,3115,CZ064,Jihomoravský kraj,6,2,18,12,30,34,1306,663,643,190,101,89,904,464,440,212,98,114,5.08658,-592356.07621272,-1139052.05151539,582247,Ráječko,126,5015543.79064941,11196.42926673,582247,Ráječko,124,0.131421125736149,0.000621354440675998
36,582298,Rudice,582298,Rudice,62012,Blansko,6201,Blansko,40703,CZ0641,Blansko,3115,CZ064,Jihomoravský kraj,8,1,14,7,32,13,969,479,490,202,102,100,592,301,291,175,76,99,4.310345,-588254.95658205,-1146059.96760525,582298,Rudice,134,4955299.94219971,11258.98855769,582298,Rudice,133,0.12881267993707,0.000613168121881158
37,593371,Němčany,593371,Němčany,62151,Slavkov u Brna,6215,Slavkov u Brna,40754,CZ0646,Vyškov,3115,CZ064,Jihomoravský kraj,0,0,7,6,40,24,799,389,410,142,67,75,512,261,251,145,61,84,4.085603,-575837.68730776,-1166348.7299634,593371,Němčany,91,7001849.11639404,11390.87542965,593371,Němčany,89,0.133590983994144,0.000863469650495011
38,582875,Braníškov,582875,Braníškov,62171,Tišnov,6217,Tišnov,40720,CZ0643,Brno-venkov,3115,CZ064,Jihomoravský kraj,1,0,3,5,2,3,196,88,108,36,17,19,127,60,67,33,11,22,3.968254,-616054.45356196,-1147508.70807511,582875,Braníškov,12,3664969.23632813,11416.03380621,582875,Braníškov,10,0.13466336822131,0.000453139041360837
39,593532,Rašovice,593532,Rašovice,62051,Bučovice,6205,Bučovice,40754,CZ0646,Vyškov,3115,CZ064,Jihomoravský kraj,4,0,10,5,27,16,680,348,332,120,72,48,450,224,226,110,52,58,5.168539,-574200.24727525,-1171332.19497881,,,,5660176.33410645,11426.2655845,593532,Rašovice,127,0.1234059918852,0.000697414440193766
40,583111,Chudčice,583111,Chudčice,62091,Kuřim,6209,Kuřim,40720,CZ0643,Brno-venkov,3115,CZ064,Jihomoravský kraj,3,3,11,9,39,17,939,493,446,176,97,79,621,329,292,142,67,75,4.893964,-608297.19117462,-1148922.0690857,583111,Chudčice,44,4101340.00598145,11444.81818561,583111,Chudčice,44,0.131673557961318,0.000507042153716767
41,583294,Lesní Hluboké,583294,Lesní Hluboké,62141,Rosice,6214,Rosice,40720,CZ0643,Brno-venkov,3115,CZ064,Jihomoravský kraj,3,0,3,1,6,8,221,107,114,37,13,24,144,72,72,40,22,18,4.285714,-618973.34847489,-1149846.69537248,583294,Lesní Hluboké,70,4983513.12347412,11456.91548838,583294,Lesní Hluboké,69,0.136787846365939,0.000615869905145992
42,584011,Trboušany,584011,Trboušany,62081,Ivančice,6208,Ivančice,40720,CZ0643,Brno-venkov,3115,CZ064,Jihomoravský kraj,1,2,2,4,8,9,366,186,180,60,34,26,247,130,117,59,22,37,3.238866,-611190.1919908,-1175642.59033572,584011,Trboušany,157,5533998.44177246,11540.60180517,584011,Trboušany,156,0.136885985930727,0.000680853759274881
43,583090,Hvozdec,583090,Hvozdec,62091,Kuřim,6209,Kuřim,40720,CZ0643,Brno-venkov,3115,CZ064,Jihomoravský kraj,2,0,5,1,7,7,303,144,159,48,26,22,208,98,110,47,20,27,5.769231,-611002.21317041,-1153745.99440156,583090,Hvozdec,43,3636704.49963379,11548.96964942,583090,Hvozdec,43,0.141287045645212,0.000449187117353512
44,584169,Všechovice,584169,Všechovice,62171,Tišnov,6217,Tišnov,40720,CZ0643,Brno-venkov,3115,CZ064,Jihomoravský kraj,1,0,1,2,14,5,241,118,123,41,23,18,162,82,80,38,13,25,7.142857,-604172.49858181,-1141594.62571169,584169,Všechovice,174,5090455.58953857,11602.25440432,584169,Všechovice,174,0.128033181258171,0.000630203819203933
45,583511,Nové Bránice,583511,Nové Bránice,62081,Ivančice,6208,Ivančice,40720,CZ0643,Brno-venkov,3115,CZ064,Jihomoravský kraj,5,1,11,3,10,20,723,350,373,116,56,60,475,236,239,132,58,74,3.696099,-612800.40267041,-1173477.49514533,583511,Nové Bránice,98,6213351.54418945,11609.84338966,583511,Nové Bránice,96,0.141116697771117,0.00076470657080108
46,583243,Kupařovice,583243,Kupařovice,62081,Ivančice,6208,Ivančice,40720,CZ0643,Brno-venkov,3115,CZ064,Jihomoravský kraj,1,0,2,4,8,5,278,146,132,43,27,16,210,112,98,25,7,18,5.633803,-609551.82238009,-1176981.41798379,583243,Kupařovice,64,3306752.23144531,11771.31878375,583243,Kupařovice,63,0.13714060907385,0.0004067494895352
47,583278,Ledce,583278,Ledce,62211,Židlochovice,6221,Židlochovice,40720,CZ0643,Brno-venkov,3115,CZ064,Jihomoravský kraj,2,1,0,4,8,5,210,105,105,29,14,15,140,74,66,41,17,24,5.673759,-603466.10695029,-1177039.21882778,583278,Ledce,68,3641264.59973145,11828.7505934,583278,Ledce,67,0.127278078708982,0.000447946193962537
48,583448,Moutnice,583448,Moutnice,62211,Židlochovice,6221,Židlochovice,40720,CZ0643,Brno-venkov,3115,CZ064,Jihomoravský kraj,4,7,7,18,29,27,1170,596,574,178,90,88,801,422,379,191,84,107,3.717472,-590571.85247801,-1177836.25366818,583448,Moutnice,89,7093765.9956665,11859.27028819,583448,Moutnice,87,0.130155334998555,0.000872767153772147
49,593681,Velešovice,593681,Velešovice,62151,Slavkov u Brna,6215,Slavkov u Brna,40754,CZ0646,Vyškov,3115,CZ064,Jihomoravský kraj,2,4,13,11,33,32,1257,638,619,223,107,116,847,451,396,187,80,107,4.127358,-580892.64040827,-1164622.46955211,593681,Velešovice,166,6584928.47106934,11872.61109709,593681,Velešovice,165,0.135743173688211,0.000812228748773987
50,581780,Krasová,581780,Krasová,62012,Blansko,6201,Blansko,40703,CZ0641,Blansko,3115,CZ064,Jihomoravský kraj,1,0,8,2,18,6,366,182,184,74,38,36,232,117,115,60,27,33,6.140351,-584004.03007384,-1142433.89099947,581780,Krasová,58,4068738.37078857,11950.23252897,581780,Krasová,58,0.13869790810652,0.000503832694382668
51,584282,Židlochovice,584282,Židlochovice,62211,Židlochovice,6221,Židlochovice,40720,CZ0643,Brno-venkov,3115,CZ064,Jihomoravský kraj,25,6,57,28,119,110,3773,1866,1907,690,369,321,2395,1227,1168,688,270,418,4.021559,-598722.50043212,-1178517.9293105,584282,Židlochovice,185,5929320.48706055,12007.9616315,584282,Židlochovice,183,0.138737885105171,0.000729297253198683
52,593222,Křižanovice,593222,Křižanovice,62051,Bučovice,6205,Bučovice,40754,CZ0646,Vyškov,3115,CZ064,Jihomoravský kraj,4,1,6,5,37,15,792,407,385,131,72,59,522,275,247,139,60,79,4.651163,-574374.27488991,-1168757.65593286,593222,Křižanovice,61,4793155.23907471,12151.9470781,593222,Křižanovice,61,0.132713619241799,0.000590854742955954
53,583065,Hradčany,583065,Hradčany,62171,Tišnov,6217,Tišnov,40720,CZ0643,Brno-venkov,3115,CZ064,Jihomoravský kraj,1,2,9,2,10,8,634,314,320,98,51,47,419,212,207,117,51,66,6.921241,-608069.21230839,-1144879.96808355,583065,Hradčany,40,3059679.13964844,12163.1040701,583065,Hradčany,40,0.141116739745336,0.000378539376570457
54,593648,Tučapy,593648,Tučapy,62192,Rousínov,6219,Vyškov,40754,CZ0646,Vyškov,3115,CZ064,Jihomoravský kraj,1,2,8,1,6,10,552,287,265,80,44,36,363,196,167,109,47,62,2.949062,-575368.27040603,-1159212.05326777,593648,Tučapy,159,5270477.95806885,12272.04338865,593648,Tučapy,158,0.141436197161882,0.000650791887597439
55,583375,Mělčany,583375,Mělčany,62081,Ivančice,6208,Ivančice,40720,CZ0643,Brno-venkov,3115,CZ064,Jihomoravský kraj,3,3,3,8,6,14,479,239,240,73,36,37,324,167,157,82,36,46,3.892216,-607901.38191907,-1172543.04731743,583375,Mělčany,80,7425440.44396973,12286.10857634,583375,Mělčany,78,0.139966626419877,0.000914127089603669
56,583936,Syrovice,583936,Syrovice,62211,Židlochovice,6221,Židlochovice,40720,CZ0643,Brno-venkov,3115,CZ064,Jihomoravský kraj,7,6,27,12,96,56,1597,832,765,372,208,164,1037,545,492,188,79,109,5.626851,-603643.62429441,-1172810.36549787,583936,Syrovice,148,8266129.47088623,12298.91816213,583936,Syrovice,147,0.140227070516219,0.00101765980231302
57,583804,Rudka,583804,Rudka,62141,Rosice,6214,Rosice,40720,CZ0643,Brno-venkov,3115,CZ064,Jihomoravský kraj,1,0,6,1,15,9,366,180,186,55,29,26,244,126,118,67,25,42,5.833333,-618699.55574234,-1153396.76392971,583804,Rudka,135,4139864.12744141,12337.15072459,583804,Rudka,134,0.141145829122462,0.000511287636611299
58,583219,Kobylnice,583219,Kobylnice,62161,Šlapanice,6216,Šlapanice,40720,CZ0643,Brno-venkov,3115,CZ064,Jihomoravský kraj,4,3,15,11,41,25,1077,522,555,209,101,108,692,342,350,176,79,97,3.913043,-589752.3567814,-1168208.31068223,583219,Kobylnice,55,5093662.84008789,12452.81937413,583219,Kobylnice,55,0.149315852557335,0.000627777606980205
59,583766,Rajhradice,583766,Rajhradice,62211,Židlochovice,6221,Židlochovice,40720,CZ0643,Brno-venkov,3115,CZ064,Jihomoravský kraj,9,8,17,17,40,17,1378,657,721,237,103,134,942,478,464,199,76,123,4.670913,-596764.51340182,-1172159.50436565,583766,Rajhradice,128,5448770.01782227,12631.51350668,583766,Rajhradice,126,0.145549020978579,0.000670978004636944
60,583740,Radostice,583740,Radostice,62161,Šlapanice,6216,Šlapanice,40720,CZ0643,Brno-venkov,3115,CZ064,Jihomoravský kraj,3,0,8,8,20,14,775,396,379,122,58,64,519,280,239,134,58,76,3.883495,-608472.88854966,-1166399.89014139,583740,Radostice,124,4363266.56072998,12728.44979338,583740,Radostice,123,0.14461038799772,0.000537735437803339
61,582883,Bratčice,582883,Bratčice,62211,Židlochovice,6221,Židlochovice,40720,CZ0643,Brno-venkov,3115,CZ064,Jihomoravský kraj,4,3,7,2,21,19,712,381,331,92,50,42,501,285,216,119,46,73,2.761341,-605798.62301185,-1174060.14990995,582883,Bratčice,13,6161605.43463135,12752.8939875,582883,Bratčice,11,0.144565160320786,0.000758365566317294
62,584126,Viničné Šumice,584126,Viničné Šumice,62161,Šlapanice,6216,Šlapanice,40720,CZ0643,Brno-venkov,3115,CZ064,Jihomoravský kraj,4,5,11,12,62,25,1319,653,666,260,134,126,870,439,431,189,80,109,4,-581629.5169705,-1161037.57786924,584126,Viničné Šumice,170,4747316.44848633,12953.92219887,584126,Viničné Šumice,169,0.147943649084423,0.000585932789215432
63,582808,Babice u Rosic,582808,Babice u Rosic,62141,Rosice,6214,Rosice,40720,CZ0643,Brno-venkov,3115,CZ064,Jihomoravský kraj,2,1,4,7,19,19,736,347,389,147,66,81,480,234,246,109,47,62,3.797468,-616856.44131124,-1160864.29579392,582808,Babice u Rosic,5,5686233.32293701,13108.73870659,582808,Babice u Rosic,3,0.149229901743306,0.000701356358906966
64,583553,Opatovice,583553,Opatovice,62211,Židlochovice,6221,Židlochovice,40720,CZ0643,Brno-venkov,3115,CZ064,Jihomoravský kraj,6,3,14,5,32,28,1094,537,557,180,84,96,723,386,337,191,67,124,5.241379,-596969.2243403,-1174257.30107188,583553,Opatovice,103,6151716.08300781,13263.05677262,583553,Opatovice,101,0.149792052585218,0.000757253822964682
65,583332,Malešovice,583332,Malešovice,62131,Pohořelice,6213,Pohořelice,40720,CZ0643,Brno-venkov,3115,CZ064,Jihomoravský kraj,4,4,13,4,29,16,598,294,304,129,62,67,409,204,205,60,28,32,3.473945,-608717.80105109,-1178550.44437651,583332,Malešovice,76,9204344.23596191,13305.38721629,583332,Malešovice,74,0.153303854956183,0.00113188796740531
66,593168,Komořany,593168,Komořany,62192,Rousínov,6219,Vyškov,40754,CZ0646,Vyškov,3115,CZ064,Jihomoravský kraj,2,3,4,6,15,18,694,357,337,95,51,44,487,255,232,112,51,61,3.636364,-575939.3048516,-1161704.82606049,593168,Komořany,56,5853057.88641357,13311.2617389,593168,Komořany,56,0.145959434115101,0.000722398509813313
67,582964,Domašov,582964,Domašov,62141,Rosice,6214,Rosice,40720,CZ0643,Brno-venkov,3115,CZ064,Jihomoravský kraj,5,0,8,7,25,16,631,312,319,102,50,52,429,219,210,100,43,57,5.787037,-617384.53365975,-1152319.24334995,582964,Domašov,26,5940226.29473877,13331.35648501,582964,Domašov,25,0.1591601461226,0.000733800051920112
68,583359,Maršov,583359,Maršov,62171,Tišnov,6217,Tišnov,40720,CZ0643,Brno-venkov,3115,CZ064,Jihomoravský kraj,1,0,8,7,8,8,497,247,250,84,42,42,333,170,163,80,35,45,6.042296,-615553.62936574,-1149398.05260423,583359,Maršov,78,7500492.94976807,13393.09327838,583359,Maršov,76,0.152984173969233,0.000927060609233998
69,583286,Lelekovice,583286,Lelekovice,62091,Kuřim,6209,Kuřim,40720,CZ0643,Brno-venkov,3115,CZ064,Jihomoravský kraj,6,7,15,20,60,39,1842,911,931,329,167,162,1178,591,587,335,153,182,4.170213,-598991.44402108,-1149365.77505753,583286,Lelekovice,69,7287718.81988525,13410.43526502,583286,Lelekovice,68,0.148645986325818,0.000901061888960088
70,582913,Čebín,582913,Čebín,62091,Kuřim,6209,Kuřim,40720,CZ0643,Brno-venkov,3115,CZ064,Jihomoravský kraj,9,3,18,20,73,43,1775,862,913,328,155,173,1150,580,570,297,127,170,5.701754,-606044.49448186,-1147080.0256068,582913,Čebín,19,7232750.72570801,13474.58473461,582913,Čebín,18,0.153271324565637,0.0008945086828586
71,550825,Holubice,550825,Holubice,62151,Slavkov u Brna,6215,Slavkov u Brna,40754,CZ0646,Vyškov,3115,CZ064,Jihomoravský kraj,10,3,23,11,66,29,1107,584,523,228,124,104,723,390,333,156,70,86,4.005722,-583159.68732486,-1164911.94770158,550825,Holubice,37,7386264.28015137,13523.15966295,550825,Holubice,37,0.154099010084091,0.000910984520724416
72,593435,Nížkovice,593435,Nížkovice,62151,Slavkov u Brna,6215,Slavkov u Brna,40754,CZ0646,Vyškov,3115,CZ064,Jihomoravský kraj,4,2,8,7,17,24,690,348,342,97,51,46,467,245,222,126,52,74,4.487179,-578345.22078805,-1172148.51247189,593435,Nížkovice,96,7027508.86315918,13543.07975959,593435,Nížkovice,94,0.149227911893972,0.000865695936124218
73,583880,Sobotovice,583880,Sobotovice,62211,Židlochovice,6221,Židlochovice,40720,CZ0643,Brno-venkov,3115,CZ064,Jihomoravský kraj,2,2,6,6,12,3,548,271,277,89,51,38,370,186,184,89,34,55,5.722071,-603320.18549327,-1175095.40859652,583880,Sobotovice,144,5329037.88928223,13574.26249902,583880,Sobotovice,143,0.157660903286876,0.00065580471391218
74,583979,Telnice,583979,Telnice,62161,Šlapanice,6216,Šlapanice,40720,CZ0643,Brno-venkov,3115,CZ064,Jihomoravský kraj,6,1,25,6,50,18,1593,788,805,285,155,130,1058,525,533,250,108,142,4.830918,-592153.10985135,-1171899.60198241,583979,Telnice,153,6102865.96081543,13579.78638519,583979,Telnice,152,0.157212201177206,0.000751627651734693
75,583189,Jiříkovice,583189,Jiříkovice,62161,Šlapanice,6216,Šlapanice,40720,CZ0643,Brno-venkov,3115,CZ064,Jihomoravský kraj,1,2,11,7,29,16,893,436,457,152,70,82,599,303,296,142,63,79,4.507513,-587125.20639108,-1165770.99180305,583189,Jiříkovice,50,4529631.92700195,13776.83810961,583189,Jiříkovice,50,0.152664087881982,0.000558534100707404
76,583855,Silůvky,583855,Silůvky,62161,Šlapanice,6216,Šlapanice,40720,CZ0643,Brno-venkov,3115,CZ064,Jihomoravský kraj,4,0,8,11,14,11,826,413,413,118,59,59,551,296,255,157,58,99,4.007286,-609900.51369862,-1169719.41502346,583855,Silůvky,141,6000445.27502441,13837.11472136,583855,Silůvky,140,0.158183561206931,0.000739043215254207
77,583481,Neslovice,583481,Neslovice,62081,Ivančice,6208,Ivančice,40720,CZ0643,Brno-venkov,3115,CZ064,Jihomoravský kraj,8,2,9,6,18,27,893,433,460,136,71,65,618,308,310,139,54,85,6.138934,-614270.49430573,-1164992.40950916,583481,Neslovice,94,5827510.60125732,13975.6887853,583481,Neslovice,92,0.157785879191087,0.000718288125453933
78,593214,Křenovice,593214,Křenovice,62151,Slavkov u Brna,6215,Slavkov u Brna,40754,CZ0646,Vyškov,3115,CZ064,Jihomoravský kraj,5,4,9,12,35,43,1901,947,954,301,166,135,1295,663,632,305,118,187,4.996157,-583100.12790224,-1167717.31694879,593214,Křenovice,60,8845956.51318359,14143.32035005,593214,Křenovice,60,0.163436839798582,0.00109046990478871
79,593664,Vážany nad Litavou,593664,Vážany nad Litavou,62151,Slavkov u Brna,6215,Slavkov u Brna,40754,CZ0646,Vyškov,3115,CZ064,Jihomoravský kraj,4,1,9,5,18,20,714,355,359,117,63,54,479,239,240,118,53,65,4.402516,-580555.17745664,-1170793.39780188,593664,Vážany nad Litavou,164,7021193.59484863,14257.54948696,593664,Vážany nad Litavou,163,0.164298281845113,0.000865091438362039
80,593478,Otnice,593478,Otnice,62151,Slavkov u Brna,6215,Slavkov u Brna,40754,CZ0646,Vyškov,3115,CZ064,Jihomoravský kraj,6,4,12,15,47,38,1521,756,765,258,125,133,1020,523,497,243,108,135,3.31384,-584732.87734692,-1174454.42845884,593478,Otnice,109,8701657.09411621,14308.90685607,593478,Otnice,107,0.160812448664382,0.00107135785527883
81,581569,Habrůvka,581569,Habrůvka,62012,Blansko,6201,Blansko,40703,CZ0641,Blansko,3115,CZ064,Jihomoravský kraj,0,0,8,4,17,4,428,211,217,90,48,42,262,130,132,76,33,43,6.818182,-589316.07640527,-1148666.10735994,581569,Habrůvka,31,9951397.79345703,14456.47630244,581569,Habrůvka,30,0.161692482807157,0.00123078507702718
82,583367,Medlov,583367,Medlov,62211,Židlochovice,6221,Židlochovice,40720,CZ0643,Brno-venkov,3115,CZ064,Jihomoravský kraj,0,1,6,8,54,11,759,376,383,126,67,59,511,256,255,122,53,69,6.451613,-605625.62962966,-1178339.16945218,583367,Medlov,79,10194711.1382446,14581.19361849,583367,Medlov,77,0.164049752942626,0.00125380177048425
83,593613,Šaratice,593613,Šaratice,62151,Slavkov u Brna,6215,Slavkov u Brna,40754,CZ0646,Vyškov,3115,CZ064,Jihomoravský kraj,3,0,21,9,36,20,1043,527,516,188,99,89,677,352,325,178,76,102,5.074627,-584386.77238681,-1171757.19514549,593613,Šaratice,149,8249360.28088379,14629.87307645,593613,Šaratice,148,0.172915100215633,0.00101616684010332
84,582930,Čučice,582930,Čučice,62081,Ivančice,6208,Ivančice,40720,CZ0643,Brno-venkov,3115,CZ064,Jihomoravský kraj,0,2,5,6,2,13,414,211,203,62,36,26,267,145,122,85,30,55,3.676471,-622390.6839235,-1164295.64602066,582930,Čučice,22,8191942.67675781,14648.64305882,582930,Čučice,21,0.167106422331899,0.00100968252528494
85,593044,Hodějice,593044,Hodějice,62151,Slavkov u Brna,6215,Slavkov u Brna,40754,CZ0646,Vyškov,3115,CZ064,Jihomoravský kraj,1,0,14,9,44,14,969,464,505,151,65,86,636,324,312,182,75,107,2.100162,-576468.7787965,-1169181.84115315,593044,Hodějice,35,8575672.70611572,14695.93595034,593044,Hodějice,35,0.167508180515878,0.00105700643150585
86,582433,Svinošice,582433,Svinošice,62012,Blansko,6201,Blansko,40703,CZ0641,Blansko,3115,CZ064,Jihomoravský kraj,2,2,6,5,13,8,352,182,170,72,41,31,227,115,112,53,26,27,4.12844,-599095.79226289,-1146357.13773183,582433,Svinošice,147,7333326.05297852,14811.63930352,582433,Svinošice,146,0.170439630407354,0.000907188059966493
87,584142,Vojkovice,584142,Vojkovice,62211,Židlochovice,6221,Židlochovice,40720,CZ0643,Brno-venkov,3115,CZ064,Jihomoravský kraj,4,5,12,10,28,25,1149,573,576,193,97,96,746,371,375,210,105,105,3.289474,-600691.15180796,-1175964.93579517,584142,Vojkovice,171,6974994.51397705,14954.09719703,584142,Vojkovice,171,0.172391112995253,0.000858271619017852
88,583731,Přísnotice,583731,Přísnotice,62211,Židlochovice,6221,Židlochovice,40720,CZ0643,Brno-venkov,3115,CZ064,Jihomoravský kraj,0,3,7,15,28,11,866,423,443,128,60,68,576,293,283,162,70,92,4.49827,-599461.23223485,-1183175.62909994,583731,Přísnotice,123,7700822.71136475,14998.98106071,583731,Přísnotice,122,0.172208695195169,0.000946387330112109
89,593028,Habrovany,593028,Habrovany,62192,Rousínov,6219,Vyškov,40754,CZ0646,Vyškov,3115,CZ064,Jihomoravský kraj,0,1,11,13,16,20,831,419,412,134,72,62,551,290,261,146,57,89,3.197158,-577831.82123145,-1159316.43412282,593028,Habrovany,30,5509490.28857422,15060.97765607,593028,Habrovany,29,0.172865105841159,0.000680260985918967
90,584029,Troubsko,584029,Troubsko,62161,Šlapanice,6216,Šlapanice,40720,CZ0643,Brno-venkov,3115,CZ064,Jihomoravský kraj,7,9,30,15,85,79,2226,1082,1144,370,197,173,1510,740,770,346,145,201,3.693931,-606189.41068685,-1162654.32836123,584029,Troubsko,158,6010914.7144165,15110.20473634,584029,Troubsko,157,0.181396881465397,0.000741324401668595
91,583634,Podolí,583634,Podolí,62161,Šlapanice,6216,Šlapanice,40720,CZ0643,Brno-venkov,3115,CZ064,Jihomoravský kraj,11,2,16,7,49,24,1426,743,683,266,155,111,913,487,426,247,101,146,2.744237,-589548.35224918,-1162187.03980643,583634,Podolí,111,6256546.5793457,15206.97270803,583634,Podolí,109,0.176585678690968,0.000771933254187541
92,582476,Šebrov-Kateřina,582476,Šebrov-Kateřina,62012,Blansko,6201,Blansko,40703,CZ0641,Blansko,3115,CZ064,Jihomoravský kraj,5,2,5,5,21,17,796,364,432,161,70,91,499,237,262,136,57,79,6.048387,-596796.62359194,-1144950.01767307,582476,Šebrov-Kateřina,150,10291228.1514893,15208.74715268,582476,Šebrov-Kateřina,149,0.174328684190419,0.00127347916217929
93,583863,Sivice,583863,Sivice,62161,Šlapanice,6216,Šlapanice,40720,CZ0643,Brno-venkov,3115,CZ064,Jihomoravský kraj,8,2,16,10,19,17,1059,521,538,178,93,85,702,352,350,179,76,103,3.225806,-585352.04215228,-1160680.90533312,583863,Sivice,142,7262724.53100586,15238.84222855,583863,Sivice,141,0.162115339526663,0.000896388734534199
94,593320,Milešovice,593320,Milešovice,62151,Slavkov u Brna,6215,Slavkov u Brna,40754,CZ0646,Vyškov,3115,CZ064,Jihomoravský kraj,5,2,9,9,9,11,682,348,334,125,75,50,440,227,213,117,46,71,5.790646,-581958.43930519,-1174413.15825638,593320,Milešovice,82,6711350.93292236,15245.6440645,593320,Milešovice,80,0.178237776194615,0.000826358818523187
95,584843,Přibice,584843,Přibice,62131,Pohořelice,6213,Pohořelice,40720,CZ0643,Brno-venkov,3115,CZ064,Jihomoravský kraj,3,2,5,11,20,27,1036,527,509,161,80,81,683,369,314,192,78,114,5.882353,-603523.42453355,-1185266.82154959,584843,Přibice,120,7453351.42102051,15321.7144638,584843,Přibice,119,0.165456296481495,0.000915558565695899
96,554898,Rostěnice-Zvonovice,554898,Rostěnice-Zvonovice,62193,Vyškov,6219,Vyškov,40754,CZ0646,Vyškov,3115,CZ064,Jihomoravský kraj,2,0,9,6,27,21,516,255,261,86,41,45,372,190,182,58,24,34,4.958678,-572279.77140036,-1159295.46362395,554898,Rostěnice-Zvonovice,131,7523254.14447021,15369.60832865,554898,Rostěnice-Zvonovice,130,0.175004999710018,0.000929001022464319
97,584266,Želešice,584266,Želešice,62161,Šlapanice,6216,Šlapanice,40720,CZ0643,Brno-venkov,3115,CZ064,Jihomoravský kraj,8,4,25,14,71,50,1699,863,836,312,168,144,1092,559,533,295,136,159,4.186047,-601693.53686558,-1169348.78069664,584266,Želešice,184,9972343.50524902,15556.04142784,584266,Želešice,182,0.178744859007445,0.00122852302928596
98,583600,Ostrovačice,583600,Ostrovačice,62141,Rosice,6214,Rosice,40720,CZ0643,Brno-venkov,3115,CZ064,Jihomoravský kraj,3,2,8,7,30,21,716,370,346,125,73,52,476,246,230,115,51,64,6.794055,-611333.88051595,-1158267.64486485,583600,Ostrovačice,107,7818761.94177246,15672.12851242,583600,Ostrovačice,105,0.180196171486571,0.000964944785882562
99,584118,Veverské Knínice,584118,Veverské Knínice,62141,Rosice,6214,Rosice,40720,CZ0643,Brno-venkov,3115,CZ064,Jihomoravský kraj,5,1,8,12,19,17,939,478,461,155,87,68,627,325,302,157,66,91,6.089744,-612288.25816971,-1154845.89926435,584118,Veverské Knínice,169,10166985.5095825,15725.36099782,584118,Veverské Knínice,168,0.186418355946969,0.0012554942433285
100,583308,Litostrov,583308,Litostrov,62141,Rosice,6214,Rosice,40720,CZ0643,Brno-venkov,3115,CZ064,Jihomoravský kraj,0,0,0,1,2,1,122,59,63,16,6,10,80,44,36,26,9,17,13.75,-617589.8024446,-1155710.84392682,583308,Litostrov,72,7530534.54833984,15746.33539117,583308,Litostrov,71,0.176467663236553,0.000929682336755574
101,581429,Březina (dříve okres Blansko),581429,Březina (dříve okres Blansko),62161,Šlapanice,6216,Šlapanice,40720,CZ0643,Brno-venkov,3115,CZ064,Jihomoravský kraj,4,0,16,13,31,22,968,466,502,217,101,116,599,295,304,152,70,82,3.654485,-587136.87516008,-1152118.14993977,581429,Březina (dříve okres Blansko),15,6831944.69366455,15791.82011522,581429,Březina (dříve okres Blansko),13,0.185954959835122,0.000844485159192201
102,583413,Moravany,583413,Moravany,62161,Šlapanice,6216,Šlapanice,40720,CZ0643,Brno-venkov,3115,CZ064,Jihomoravský kraj,11,4,36,11,159,78,2619,1255,1364,588,297,291,1737,833,904,294,125,169,3.390839,-601091.18398269,-1166084.09546529,583413,Moravany,85,6635461.94714355,15819.76236527,583413,Moravany,83,0.187720992464603,0.000817929928369436
103,584231,Žabčice,584231,Žabčice,62211,Židlochovice,6221,Židlochovice,40720,CZ0643,Brno-venkov,3115,CZ064,Jihomoravský kraj,14,8,10,17,30,25,1632,803,829,261,142,119,1061,531,530,310,130,180,3.970452,-601925.38227761,-1181661.95198462,584231,Žabčice,182,8179767.12579346,15937.62855059,584231,Žabčice,180,0.186950227071827,0.00100546959451879
104,583421,Moravské Bránice,583421,Moravské Bránice,62081,Ivančice,6208,Ivančice,40720,CZ0643,Brno-venkov,3115,CZ064,Jihomoravský kraj,1,5,6,7,15,24,992,492,500,153,77,76,672,344,328,167,71,96,4.94186,-612456.30508604,-1170827.96896988,583421,Moravské Bránice,86,8182815.3996582,15993.72551159,583421,Moravské Bránice,84,0.184977911592002,0.00100758239371197
105,583839,Říčany,583839,Říčany,62141,Rosice,6214,Rosice,40720,CZ0643,Brno-venkov,3115,CZ064,Jihomoravský kraj,11,8,25,19,41,50,2009,999,1010,355,187,168,1264,633,631,390,179,211,4.300235,-614392.11244853,-1156626.63432239,583839,Říčany,137,10900912.7191772,16397.86208467,583839,Říčany,136,0.185369421157022,0.00134563847895722
106,582972,Drásov,582972,Drásov,62171,Tišnov,6217,Tišnov,40720,CZ0643,Brno-venkov,3115,CZ064,Jihomoravský kraj,8,2,24,8,68,51,1642,816,826,354,182,172,1052,536,516,236,98,138,4.957102,-605844.35876697,-1143496.75387543,582972,Drásov,27,10698342.6537476,16567.3754786,582972,Drásov,26,0.185636029209108,0.0013239708056362
107,583022,Hlína,583022,Hlína,62081,Ivančice,6208,Ivančice,40720,CZ0643,Brno-venkov,3115,CZ064,Jihomoravský kraj,1,2,3,1,5,16,296,148,148,42,13,29,200,109,91,54,26,28,5.633803,-612204.18469744,-1167677.9570774,583022,Hlína,34,8340499.6182251,16665.67810967,583022,Hlína,34,0.18809074656038,0.00102758309359867
108,581828,Křtiny,581828,Křtiny,62012,Blansko,6201,Blansko,40703,CZ0641,Blansko,3115,CZ064,Jihomoravský kraj,6,6,7,13,37,16,823,402,421,127,65,62,504,261,243,192,76,116,4.563492,-586606.88289559,-1149179.42998006,581828,Křtiny,63,11177134.8726807,16844.92684774,581828,Křtiny,62,0.184513208005493,0.00138232757980032
109,583707,Prštice,583707,Prštice,62161,Šlapanice,6216,Šlapanice,40720,CZ0643,Brno-venkov,3115,CZ064,Jihomoravský kraj,6,0,8,4,15,12,938,464,474,141,64,77,623,328,295,174,72,102,4.754358,-609303.38358641,-1167673.10977572,583707,Prštice,118,7832498.72753906,16904.47406969,583707,Prštice,117,0.198884918701148,0.000965052344916935
110,584215,Zbraslav,584215,Zbraslav,62141,Rosice,6214,Rosice,40720,CZ0643,Brno-venkov,3115,CZ064,Jihomoravský kraj,4,2,15,9,39,41,1283,638,645,194,105,89,848,435,413,241,98,143,4.93537,-620302.94055447,-1154836.54521167,584215,Zbraslav,179,8971686.87097168,16932.47060731,584215,Zbraslav,178,0.194436719244812,0.0011077124673178
111,584240,Žatčany,584240,Žatčany,62211,Židlochovice,6221,Židlochovice,40720,CZ0643,Brno-venkov,3115,CZ064,Jihomoravský kraj,2,1,6,8,16,15,799,407,392,128,68,60,536,289,247,135,50,85,4.64684,-589820.56289264,-1174239.45579977,584240,Žatčany,183,9682933.54248047,17088.87571843,584240,Žatčany,181,0.195937906151114,0.00119210312060935
112,582956,Dolní Kounice,582956,Dolní Kounice,62081,Ivančice,6208,Ivančice,40720,CZ0643,Brno-venkov,3115,CZ064,Jihomoravský kraj,7,8,22,21,86,54,2428,1214,1214,351,176,175,1704,893,811,373,145,228,7.446809,-610190.36467719,-1173103.96511506,582956,Dolní Kounice,25,8971259.7946167,17139.10465698,582956,Dolní Kounice,24,0.194702949792854,0.00110426730223788
113,593265,Lovčičky,593265,Lovčičky,62151,Slavkov u Brna,6215,Slavkov u Brna,40754,CZ0646,Vyškov,3115,CZ064,Jihomoravský kraj,5,2,8,7,24,10,663,322,341,121,55,66,431,223,208,111,44,67,3.521127,-582437.3051828,-1176266.41716973,593265,Lovčičky,73,4042766.7789917,17163.80629109,593265,Lovčičky,72,0.196847525962122,0.000497610705037026
114,583081,Hrušovany u Brna,583081,Hrušovany u Brna,62211,Židlochovice,6221,Židlochovice,40720,CZ0643,Brno-venkov,3115,CZ064,Jihomoravský kraj,13,14,43,32,117,101,3496,1703,1793,630,312,318,2342,1173,1169,524,218,306,5.456095,-601881.7385505,-1178294.58628708,583081,Hrušovany u Brna,42,9082481.8737793,17225.80780392,583081,Hrušovany u Brna,42,0.197114342441242,0.00111710570894926
115,584932,Šitbořice,584932,Šitbořice,62071,Hustopeče,6207,Hustopeče,40738,CZ0644,Břeclav,3115,CZ064,Jihomoravský kraj,8,3,20,20,34,33,1964,999,965,288,148,140,1335,714,621,341,137,204,5.92154,-588110.06318477,-1181976.81122994,584932,Šitbořice,151,12250982.6389771,17391.08487222,584932,Šitbořice,150,0.20370774521888,0.00150623229615083
116,583723,Přibyslavice,583723,Přibyslavice,62141,Rosice,6214,Rosice,40720,CZ0643,Brno-venkov,3115,CZ064,Jihomoravský kraj,5,2,5,5,19,16,493,239,254,82,44,38,337,166,171,74,29,45,5.952381,-620765.64824218,-1148259.97900679,583723,Přibyslavice,122,8513367.23022461,17489.6676276,583723,Přibyslavice,121,0.203248661613796,0.00105235580745205
117,583847,Sentice,583847,Sentice,62171,Tišnov,6217,Tišnov,40720,CZ0643,Brno-venkov,3115,CZ064,Jihomoravský kraj,4,1,7,5,16,8,606,304,302,110,51,59,379,199,180,117,54,63,6.434316,-608948.42962221,-1146976.71758925,583847,Sentice,140,9284713.97387695,17507.34155198,583847,Sentice,139,0.193827189913114,0.00114824022710595
118,584991,Velké Hostěrádky,584991,Velké Hostěrádky,62072,Klobouky u Brna,6207,Hustopeče,40738,CZ0644,Břeclav,3115,CZ064,Jihomoravský kraj,0,2,3,5,12,7,501,250,251,94,47,47,337,175,162,70,28,42,7.462687,-580495.36561729,-1179774.64041708,584991,Velké Hostěrádky,167,10576559.0811768,17600.14630031,584991,Velké Hostěrádky,166,0.198444882913742,0.00130106611890665
119,593001,Drnovice,593001,Drnovice,62193,Vyškov,6219,Vyškov,40754,CZ0646,Vyškov,3115,CZ064,Jihomoravský kraj,10,10,14,24,47,58,2354,1172,1182,392,215,177,1519,771,748,443,186,257,5.07386,-572874.13642639,-1154011.92623343,593001,Drnovice,29,11963745.1515503,17772.32384584,593001,Drnovice,28,0.205958721162439,0.00147871050365727
120,549746,Předklášteří,549746,Předklášteří,62171,Tišnov,6217,Tišnov,40720,CZ0643,Brno-venkov,3115,CZ064,Jihomoravský kraj,12,5,15,31,36,17,1444,723,721,208,113,95,929,481,448,307,129,178,5.4371,-611380.37819571,-1142054.99855493,549746,Předklášteří,119,7260251.97039795,17840.77443194,549746,Předklášteří,118,0.204694652548097,0.000898625234679611
121,593273,Luleč,593273,Luleč,62193,Vyškov,6219,Vyškov,40754,CZ0646,Vyškov,3115,CZ064,Jihomoravský kraj,3,2,13,7,79,21,907,458,449,160,88,72,599,304,295,148,66,82,3.442341,-574124.74595851,-1156274.59770721,593273,Luleč,75,10887597.7922363,17854.99489096,593273,Luleč,73,0.206564218026301,0.00134512394386945
122,585033,Vranovice,585033,Vranovice,62131,Pohořelice,6213,Pohořelice,40720,CZ0643,Brno-venkov,3115,CZ064,Jihomoravský kraj,9,6,20,13,73,53,2233,1114,1119,368,183,185,1498,795,703,367,136,231,4.560698,-601037.23638753,-1185577.8064851,585033,Vranovice,173,13831550.4594727,17856.34008547,585033,Vranovice,173,0.20104122006218,0.00169903669251811
123,584339,Borkovany,584339,Borkovany,62072,Klobouky u Brna,6207,Hustopeče,40738,CZ0644,Břeclav,3115,CZ064,Jihomoravský kraj,9,1,12,13,38,22,808,409,399,128,60,68,538,289,249,142,60,82,5.410448,-584441.20430975,-1180636.86521551,584339,Borkovany,10,13942950.9716797,17952.26077664,584339,Borkovany,8,0.205357839174474,0.00171478715093817
124,593583,Slavkov u Brna,593583,Slavkov u Brna,62151,Slavkov u Brna,6215,Slavkov u Brna,40754,CZ0646,Vyškov,3115,CZ064,Jihomoravský kraj,25,19,81,44,199,128,6564,3175,3389,1092,543,549,4331,2177,2154,1141,455,686,4.067483,-579305.84395225,-1167562.03707736,593583,Slavkov u Brna,143,14946465.3296509,18031.59271303,593583,Slavkov u Brna,142,0.206125285743156,0.00184268242051883
125,584037,Tvarožná,584037,Tvarožná,62161,Šlapanice,6216,Šlapanice,40720,CZ0643,Brno-venkov,3115,CZ064,Jihomoravský kraj,7,9,12,17,31,35,1281,620,661,210,107,103,840,410,430,231,103,128,3.533569,-586375.87496029,-1162359.47816969,584037,Tvarožná,160,8813631.66955566,18136.77875864,584037,Tvarožná,159,0.19776278462836,0.00108745886915451
126,583669,Popůvky,583669,Popůvky,62161,Šlapanice,6216,Šlapanice,40720,CZ0643,Brno-venkov,3115,CZ064,Jihomoravský kraj,8,7,24,10,87,58,1504,744,760,348,179,169,1010,498,512,146,67,79,3.971487,-607973.1436476,-1160945.80285862,583669,Popůvky,114,7456702.67144775,18368.8912032,583669,Popůvky,113,0.212289542050325,0.000919881943032312
127,583201,Ketkovice,583201,Ketkovice,62081,Ivančice,6208,Ivančice,40720,CZ0643,Brno-venkov,3115,CZ064,Jihomoravský kraj,6,1,10,6,15,16,606,295,311,82,37,45,409,207,202,115,51,64,5.980861,-624397.59735179,-1161839.43021889,583201,Ketkovice,52,9550874.81140137,18547.18271829,583201,Ketkovice,52,0.211251140550831,0.00117764481672091
128,583545,Omice,583545,Omice,62161,Šlapanice,6216,Šlapanice,40720,CZ0643,Brno-venkov,3115,CZ064,Jihomoravský kraj,4,1,5,8,10,18,781,393,388,121,63,58,515,270,245,145,60,85,2.5,-610435.05951687,-1161569.06360642,583545,Omice,102,10459135.6158447,18797.29571916,583545,Omice,100,0.211265605756483,0.00129006392562879
129,583171,Jinačovice,583171,Jinačovice,62091,Kuřim,6209,Kuřim,40720,CZ0643,Brno-venkov,3115,CZ064,Jihomoravský kraj,4,1,10,6,23,11,686,347,339,133,70,63,434,222,212,119,55,64,3.962704,-602457.38330204,-1152587.45036923,583171,Jinačovice,49,5935714.86871338,18921.52864875,583171,Jinačovice,49,0.220528940859822,0.000733425355371387
130,586692,Uhřice,586692,Uhřice,62103,Ždánice,6210,Kyjov,40746,CZ0645,Hodonín,3115,CZ064,Jihomoravský kraj,5,0,11,9,16,11,747,368,379,129,70,59,493,244,249,125,54,71,6.504065,-574820.22787925,-1181137.30791882,586692,Uhřice,161,7078536.13409424,18938.09290811,586692,Uhřice,160,0.207805853298019,0.000870641303569541
131,581453,Bukovinka,581453,Bukovinka,62012,Blansko,6201,Blansko,40703,CZ0641,Blansko,3115,CZ064,Jihomoravský kraj,3,1,10,5,51,12,561,272,289,133,68,65,342,167,175,86,37,49,6.116208,-582553.78090598,-1150849.12249137,581453,Bukovinka,18,8487775.06762695,19049.36126183,581453,Bukovinka,17,0.226141106541527,0.00104948840017979
132,582328,Senetářov,582328,Senetářov,62012,Blansko,6201,Blansko,40703,CZ0641,Blansko,3115,CZ064,Jihomoravský kraj,2,0,10,7,26,16,549,263,286,107,47,60,349,176,173,93,40,53,6.647399,-581999.6977003,-1145894.41266161,582328,Senetářov,139,13839743.9022827,19158.23363704,582328,Senetářov,138,0.217428081939644,0.00171278022391724
133,584151,Vranov,584151,Vranov,62161,Šlapanice,6216,Šlapanice,40720,CZ0643,Brno-venkov,3115,CZ064,Jihomoravský kraj,6,2,10,11,14,19,739,367,372,131,67,64,486,245,241,122,55,67,5.633803,-595883.65335833,-1148710.31218434,584151,Vranov,172,12416527.765625,19179.9516839,584151,Vranov,172,0.217295458420997,0.00153546625865304
134,581968,Lipůvka,581968,Lipůvka,62012,Blansko,6201,Blansko,40703,CZ0641,Blansko,3115,CZ064,Jihomoravský kraj,9,3,12,14,35,27,1282,619,663,223,108,115,816,406,410,243,105,138,3.272727,-599618.06193557,-1143716.29333681,581968,Lipůvka,71,9915091.91186523,19246.60696632,581968,Lipůvka,70,0.219685702151958,0.00122714052985748
135,583995,Těšany,583995,Těšany,62211,Židlochovice,6221,Židlochovice,40720,CZ0643,Brno-venkov,3115,CZ064,Jihomoravský kraj,3,5,4,12,32,20,1220,603,617,195,96,99,831,431,400,194,76,118,3.28068,-587498.95451362,-1178048.93316975,583995,Těšany,154,16221777.4463501,19624.02328039,583995,Těšany,153,0.216794038333623,0.00199585591561153
136,593141,Kobeřice u Brna,593141,Kobeřice u Brna,62151,Slavkov u Brna,6215,Slavkov u Brna,40754,CZ0646,Vyškov,3115,CZ064,Jihomoravský kraj,0,3,13,5,21,24,703,342,361,133,65,68,457,227,230,113,50,63,5.194805,-578865.39021283,-1175162.64582526,593141,Kobeřice u Brna,54,16743905.5176392,19661.87851274,593141,Kobeřice u Brna,54,0.23073997411128,0.00206149715007881
137,583952,Šlapanice,583952,Šlapanice,62161,Šlapanice,6216,Šlapanice,40720,CZ0643,Brno-venkov,3115,CZ064,Jihomoravský kraj,27,13,80,58,234,190,7339,3575,3764,1211,622,589,4672,2324,2348,1456,629,827,3.936671,-590107.56961808,-1164988.67156471,583952,Šlapanice,152,14633036.4443359,19727.86802813,583952,Šlapanice,151,0.226593243734572,0.00180450123215459
138,583391,Modřice,583391,Modřice,62161,Šlapanice,6216,Šlapanice,40720,CZ0643,Brno-venkov,3115,CZ064,Jihomoravský kraj,27,11,53,53,227,170,5053,2449,2604,830,405,425,3295,1666,1629,928,378,550,3.368741,-598823.7129382,-1168453.54174217,583391,Modřice,83,10050322.3041992,19730.74348089,583391,Modřice,81,0.226822283538388,0.00123839763724052
139,581291,Adamov,581291,Adamov,62011,Adamov,6201,Blansko,40703,CZ0641,Blansko,3115,CZ064,Jihomoravský kraj,28,11,59,55,170,130,4593,2268,2325,671,348,323,3034,1542,1492,888,378,510,5.320197,-593309.47782819,-1149901.41090483,581291,Adamov,3,3781530.85827637,19838.81210844,581291,Adamov,1,0.227688978428281,0.000467559213089951
140,583197,Kanice,583197,Kanice,62161,Šlapanice,6216,Šlapanice,40720,CZ0643,Brno-venkov,3115,CZ064,Jihomoravský kraj,6,5,12,6,48,30,927,475,452,207,105,102,603,321,282,117,49,68,3.872054,-591345.87453195,-1156325.83107042,583197,Kanice,51,8213138.04821777,20083.80082056,583197,Kanice,51,0.228713450123542,0.00101436614337205
141,557048,Mouřínov,557048,Mouřínov,62051,Bučovice,6205,Bučovice,40754,CZ0646,Vyškov,3115,CZ064,Jihomoravský kraj,0,0,4,9,7,18,455,228,227,66,35,31,315,161,154,74,32,42,8.777429,-571426.28695601,-1173385.96703024,557048,Mouřínov,88,11527858.4882812,20263.20464361,557048,Mouřínov,86,0.218220697297418,0.00141994888079404
142,583715,Příbram na Moravě,583715,Příbram na Moravě,62141,Rosice,6214,Rosice,40720,CZ0643,Brno-venkov,3115,CZ064,Jihomoravský kraj,4,0,8,7,24,13,624,312,312,103,55,48,383,201,182,138,56,82,5.585106,-619036.19601502,-1158229.40905722,583715,Příbram na Moravě,121,11917032.6917725,20386.3665514,583715,Příbram na Moravě,120,0.23992173410635,0.00147051010501438
143,593397,Nemojany,593397,Nemojany,62193,Vyškov,6219,Vyškov,40754,CZ0646,Vyškov,3115,CZ064,Jihomoravský kraj,3,1,8,9,15,21,675,334,341,132,66,66,421,214,207,122,54,68,4.408353,-575642.68323832,-1157190.90685654,593397,Nemojany,93,5999492.77069092,20540.76932613,593397,Nemojany,91,0.238960294533034,0.000741073747705708
144,583341,Malhostovice,583341,Malhostovice,62171,Tišnov,6217,Tišnov,40720,CZ0643,Brno-venkov,3115,CZ064,Jihomoravský kraj,4,1,7,3,17,25,963,488,475,158,79,79,640,333,307,165,76,89,5.666156,-602913.96137192,-1144555.77535056,583341,Malhostovice,77,11513094.8021851,20573.78001143,583341,Malhostovice,75,0.233111962066849,0.00142461150165898
145,583405,Mokrá-Horákov,583405,Mokrá-Horákov,62161,Šlapanice,6216,Šlapanice,40720,CZ0643,Brno-venkov,3115,CZ064,Jihomoravský kraj,13,6,29,25,79,56,2772,1321,1451,457,213,244,1819,904,915,496,204,292,4.155125,-588365.27735426,-1158790.3534221,583405,Mokrá-Horákov,84,12161162.5604248,20796.39036681,583405,Mokrá-Horákov,82,0.234194162155361,0.00150139124126057
146,583898,Sokolnice,583898,Sokolnice,62161,Šlapanice,6216,Šlapanice,40720,CZ0643,Brno-venkov,3115,CZ064,Jihomoravský kraj,16,5,28,44,92,66,2346,1152,1194,439,216,223,1532,790,742,375,146,229,4.568855,-591390.42524371,-1169977.36101195,583898,Sokolnice,145,11345567.5720215,20889.6455022,583898,Sokolnice,144,0.242606848606383,0.00139781854000295
147,582859,Blučina,582859,Blučina,62211,Židlochovice,6221,Židlochovice,40720,CZ0643,Brno-venkov,3115,CZ064,Jihomoravský kraj,7,4,36,24,44,42,2258,1128,1130,368,200,168,1523,774,749,367,154,213,5.519481,-596285.03308106,-1176974.49819303,582859,Blučina,9,16667631.7788696,20917.71749698,582859,Blučina,7,0.244255432520598,0.00205075592521359
148,583758,Rajhrad,583758,Rajhrad,62211,Židlochovice,6221,Židlochovice,40720,CZ0643,Brno-venkov,3115,CZ064,Jihomoravský kraj,20,4,62,33,165,105,3609,1767,1842,674,366,308,2286,1125,1161,649,276,373,3.60123,-600078.59375605,-1172425.62262497,583758,Rajhrad,127,9474295.78686523,21019.92925951,583758,Rajhrad,125,0.241915428061169,0.0011665620437219
149,583987,Tetčice,583987,Tetčice,62141,Rosice,6214,Rosice,40720,CZ0643,Brno-venkov,3115,CZ064,Jihomoravský kraj,4,5,10,4,62,22,1160,590,570,180,92,88,763,399,364,217,99,118,4.551539,-612240.53095061,-1163620.89731769,583987,Tetčice,155,15124497.6937256,21052.50453016,583987,Tetčice,154,0.243601535745795,0.00186475184341948
150,581682,Jedovnice,581682,Jedovnice,62012,Blansko,6201,Blansko,40703,CZ0641,Blansko,3115,CZ064,Jihomoravský kraj,11,8,27,26,33,52,2745,1356,1389,433,209,224,1790,928,862,522,219,303,4.720088,-584825.81644088,-1146874.76836289,581682,Jedovnice,48,14244976.6774292,21076.23449574,581682,Jedovnice,48,0.23811587314808,0.0017625284655737
151,583430,Moravské Knínice,583430,Moravské Knínice,62091,Kuřim,6209,Kuřim,40720,CZ0643,Brno-venkov,3115,CZ064,Jihomoravský kraj,6,2,10,10,32,19,901,443,458,163,85,78,574,281,293,164,77,87,3.697183,-604948.81083943,-1149745.61757523,583430,Moravské Knínice,87,13225265.6345215,21169.66955038,583430,Moravské Knínice,85,0.239857018029237,0.00163488523332168
152,583910,Střelice,583910,Střelice,62161,Šlapanice,6216,Šlapanice,40720,CZ0643,Brno-venkov,3115,CZ064,Jihomoravský kraj,15,8,31,32,110,50,2874,1460,1414,474,247,227,1832,964,868,568,249,319,3.703704,-606806.10216936,-1164865.35139804,583910,Střelice,146,14672807.8730469,21326.07696391,583910,Střelice,145,0.249792309201398,0.00180885501252722
153,584100,Veverská Bítýška,584100,Veverská Bítýška,62091,Kuřim,6209,Kuřim,40720,CZ0643,Brno-venkov,3115,CZ064,Jihomoravský kraj,18,4,25,27,84,70,3126,1527,1599,502,257,245,2025,1013,1012,599,257,342,5.517578,-610179.35311906,-1151129.46108953,584100,Veverská Bítýška,168,13602820.6370239,21613.75356397,584100,Veverská Bítýška,167,0.245690734394442,0.00168096684394127
154,550213,Heršpice,550213,Heršpice,62151,Slavkov u Brna,6215,Slavkov u Brna,40754,CZ0646,Vyškov,3115,CZ064,Jihomoravský kraj,8,4,17,7,49,13,829,409,420,173,90,83,540,272,268,116,47,69,3.082852,-574979.59078512,-1173550.01651791,550213,Heršpice,33,18053518.5237427,22088.53283909,550213,Heršpice,33,0.256901000950195,0.00222353770771276
155,584045,Újezd u Brna,584045,Újezd u Brna,62161,Šlapanice,6216,Šlapanice,40720,CZ0643,Brno-venkov,3115,CZ064,Jihomoravský kraj,10,9,43,38,74,73,3244,1571,1673,525,280,245,2099,1049,1050,620,242,378,4.222011,-588032.12802443,-1172615.67789938,584045,Újezd u Brna,162,13071056.5914307,22842.83546007,584045,Újezd u Brna,161,0.262965499347786,0.00160975065559564
156,583260,Lažánky,583260,Lažánky,62171,Tišnov,6217,Tišnov,40720,CZ0643,Brno-venkov,3115,CZ064,Jihomoravský kraj,9,1,6,9,8,7,717,366,351,113,58,55,474,252,222,130,56,74,3.556485,-613005.8839543,-1148986.20147389,583260,Lažánky,66,13924910.2779541,22958.96395269,583260,Lažánky,65,0.264990527626604,0.00172133346811285
157,582948,Deblín,582948,Deblín,62171,Tišnov,6217,Tišnov,40720,CZ0643,Brno-venkov,3115,CZ064,Jihomoravský kraj,5,1,7,12,17,17,1044,531,513,159,81,78,695,368,327,190,82,108,4.700855,-616478.71211755,-1144739.50206841,582948,Deblín,24,14879395.3356934,23284.89800961,582948,Deblín,23,0.273519047105606,0.00184059638687688
158,583561,Ořechov,583561,Ořechov,62161,Šlapanice,6216,Šlapanice,40720,CZ0643,Brno-venkov,3115,CZ064,Jihomoravský kraj,10,5,38,14,86,44,2665,1329,1336,491,256,235,1615,829,786,559,244,315,4.347826,-605766.8163839,-1169398.22856979,583561,Ořechov,104,19676566.222168,23492.44228733,583561,Ořechov,102,0.268548707961294,0.00242379843867519
159,583154,Javůrek,583154,Javůrek,62141,Rosice,6214,Rosice,40720,CZ0643,Brno-venkov,3115,CZ064,Jihomoravský kraj,1,0,4,5,4,6,286,135,151,32,14,18,190,94,96,64,27,37,7.142857,-614686.93449512,-1152031.0061837,583154,Javůrek,47,10285532.2525635,23687.22778599,583154,Javůrek,47,0.277083020076303,0.00127071325254424
160,584517,Ivaň,584517,Ivaň,62131,Pohořelice,6213,Pohořelice,40720,CZ0643,Brno-venkov,3115,CZ064,Jihomoravský kraj,4,1,2,9,8,19,701,360,341,96,47,49,472,257,215,133,56,77,6.639004,-602715.54201968,-1189453.75187237,584517,Ivaň,45,11724594.774353,23703.34883922,584517,Ivaň,45,0.270007307395339,0.00143917841969548
161,581496,Černá Hora,581496,Černá Hora,62012,Blansko,6201,Blansko,40703,CZ0641,Blansko,3115,CZ064,Jihomoravský kraj,9,1,28,34,71,41,2088,968,1120,383,188,195,1312,638,674,393,142,251,4.109589,-597773.48299084,-1138166.46255853,581496,Černá Hora,20,16288608.1838989,23709.25780737,581496,Černá Hora,19,0.274313198772329,0.00201803814866823
162,550132,Olšany,550132,Olšany,62192,Rousínov,6219,Vyškov,40754,CZ0646,Vyškov,3115,CZ064,Jihomoravský kraj,3,0,6,5,17,3,590,303,287,114,70,44,392,193,199,84,40,44,2.879581,-579976.50493353,-1155977.95655983,550132,Olšany,101,18662303.6044922,23765.29025367,550132,Olšany,99,0.270975204739877,0.00230553281385671
163,582166,Olomučany,582166,Olomučany,62012,Blansko,6201,Blansko,40703,CZ0641,Blansko,3115,CZ064,Jihomoravský kraj,3,1,13,10,25,28,1017,519,498,182,95,87,642,332,310,193,92,101,3.533026,-592148.97974744,-1146738.82505485,582166,Olomučany,100,15132552.0031128,23971.5487183,582166,Olomučany,98,0.271871440411542,0.00187213331955206
164,583537,Ochoz u Brna,583537,Ochoz u Brna,62161,Šlapanice,6216,Šlapanice,40720,CZ0643,Brno-venkov,3115,CZ064,Jihomoravský kraj,3,2,13,11,46,22,1344,677,667,212,107,105,879,456,423,253,114,139,4.493088,-587489.62414588,-1154842.78843577,583537,Ochoz u Brna,99,14541582.8480225,24044.36849871,583537,Ochoz u Brna,97,0.270430898395302,0.0017965715879519
165,582824,Bílovice nad Svitavou,582824,Bílovice nad Svitavou,62161,Šlapanice,6216,Šlapanice,40720,CZ0643,Brno-venkov,3115,CZ064,Jihomoravský kraj,17,12,39,34,111,94,3607,1802,1805,825,447,378,2258,1138,1120,524,217,307,4.711111,-593775.80786281,-1153749.21877862,582824,Bílovice nad Svitavou,6,14699706.211792,25211.88179964,582824,Bílovice nad Svitavou,4,0.292110697816001,0.00181624479837919
166,583383,Měnín,583383,Měnín,62211,Židlochovice,6221,Židlochovice,40720,CZ0643,Brno-venkov,3115,CZ064,Jihomoravský kraj,9,4,29,20,48,56,1857,927,930,320,163,157,1290,662,628,247,102,145,4.451266,-593319.33556552,-1175290.04198739,583383,Měnín,81,21164404.8783569,25356.58905029,583383,Měnín,79,0.276724098353602,0.00260496637241043
167,584720,Nosislav,584720,Nosislav,62211,Židlochovice,6221,Židlochovice,40720,CZ0643,Brno-venkov,3115,CZ064,Jihomoravský kraj,6,4,19,12,41,22,1357,691,666,241,128,113,898,476,422,218,87,131,3.833145,-596999.10903254,-1180968.38729796,584720,Nosislav,97,17060479.5487671,25860.03802151,584720,Nosislav,95,0.295512365592842,0.00209756447193052
168,583588,Oslavany,583588,Oslavany,62081,Ivančice,6208,Ivančice,40720,CZ0643,Brno-venkov,3115,CZ064,Jihomoravský kraj,17,17,39,52,144,102,4653,2352,2301,673,354,319,3127,1633,1494,853,365,488,6.105398,-618756.50161645,-1165408.52663362,583588,Oslavany,105,18669898.1604614,26070.63847664,583588,Oslavany,103,0.293240184944063,0.00230083589313043
169,583677,Pozořice,583677,Pozořice,62161,Šlapanice,6216,Šlapanice,40720,CZ0643,Brno-venkov,3115,CZ064,Jihomoravský kraj,11,3,23,28,62,53,2255,1123,1132,412,230,182,1463,733,730,380,160,220,4.557823,-582941.08824207,-1159202.41499617,583677,Pozořice,115,15484822.8126831,26885.69797864,583677,Pozořice,114,0.307228403890842,0.00191177888386944
170,592919,Bošovice,592919,Bošovice,62151,Slavkov u Brna,6215,Slavkov u Brna,40754,CZ0646,Vyškov,3115,CZ064,Jihomoravský kraj,13,0,21,10,32,28,1216,612,604,218,123,95,802,403,399,196,86,110,2.95203,-582916.70407931,-1177739.37819794,592919,Bošovice,11,12877147.6682129,27158.14306491,592919,Bošovice,9,0.309123843640143,0.00158457383809682
171,583251,Kuřim,583251,Kuřim,62091,Kuřim,6209,Kuřim,40720,CZ0643,Brno-venkov,3115,CZ064,Jihomoravský kraj,60,30,140,89,328,299,11051,5418,5633,2141,1099,1042,7125,3562,3563,1785,757,1028,4.639103,-601927.05955174,-1148773.44891877,583251,Kuřim,65,17195875.3713379,27759.85508515,583251,Kuřim,64,0.309109264717328,0.00212622190728961
172,583782,Rosice,583782,Rosice,62141,Rosice,6214,Rosice,40720,CZ0643,Brno-venkov,3115,CZ064,Jihomoravský kraj,36,9,73,59,235,171,5973,2942,3031,1021,525,496,3940,2003,1937,1012,414,598,5.987261,-614408.1229121,-1159936.01339111,583782,Rosice,130,12739730.076355,28025.17154662,583782,Rosice,129,0.328976601198958,0.00157169410572978
173,593559,Rousínov,593559,Rousínov,62192,Rousínov,6219,Vyškov,40754,CZ0646,Vyškov,3115,CZ064,Jihomoravský kraj,21,13,58,44,145,158,5621,2749,2872,932,454,478,3680,1851,1829,1009,444,565,4.195804,-578454.90088242,-1162517.38427727,593559,Rousínov,132,23038081.4767456,28228.45753324,593559,Rousínov,131,0.32042868976682,0.00284286906558459
174,583057,Hostěnice,583057,Hostěnice,62161,Šlapanice,6216,Šlapanice,40720,CZ0643,Brno-venkov,3115,CZ064,Jihomoravský kraj,3,0,8,8,34,11,718,366,352,156,84,72,465,244,221,97,38,59,4.464286,-583967.39981041,-1154871.39615583,583057,Hostěnice,38,20021562.7789307,28961.5242968,583057,Hostěnice,38,0.332634189972006,0.002473759992187
175,582794,Babice nad Svitavou,582794,Babice nad Svitavou,62161,Šlapanice,6216,Šlapanice,40720,CZ0643,Brno-venkov,3115,CZ064,Jihomoravský kraj,6,2,14,16,25,12,1152,578,574,213,110,103,747,377,370,192,91,101,4.459459,-591017.89819326,-1151822.79966296,582794,Babice nad Svitavou,4,17419712.203064,29530.46921093,582794,Babice nad Svitavou,2,0.335338829435816,0.00215317568261162
176,586129,Dambořice,586129,Dambořice,62103,Ždánice,6210,Kyjov,40746,CZ0645,Hodonín,3115,CZ064,Jihomoravský kraj,7,7,16,11,25,17,1380,685,695,250,132,118,908,469,439,222,84,138,6.147091,-577183.67281705,-1180561.45412626,586129,Dambořice,23,23141131.1592407,32459.00682174,586129,Dambořice,22,0.351786936183608,0.00284646447260003
177,592943,Bučovice,592943,Bučovice,62051,Bučovice,6205,Bučovice,40754,CZ0646,Vyškov,3115,CZ064,Jihomoravský kraj,27,17,65,64,137,181,6439,3173,3266,979,492,487,4282,2207,2075,1178,474,704,6.419696,-570254.90767553,-1169313.68335199,,,,31175814.5307617,33700.15716258,592943,Bučovice,15,0.367944354864185,0.00384297059941903
178,584550,Klobouky u Brna,584550,Klobouky u Brna,62072,Klobouky u Brna,6207,Hustopeče,40738,CZ0644,Břeclav,3115,CZ064,Jihomoravský kraj,13,5,20,27,50,55,2404,1212,1192,386,210,176,1558,830,728,460,172,288,5.882353,-582463.04445486,-1184179.65706512,584550,Klobouky u Brna,53,31270365.883728,36811.63993122,584550,Klobouky u Brna,53,0.411040016841385,0.00384352986168314
179,583120,Ivančice,583120,Ivančice,62081,Ivančice,6208,Ivančice,40720,CZ0643,Brno-venkov,3115,CZ064,Jihomoravský kraj,45,28,92,103,256,242,9606,4706,4900,1446,701,745,6333,3242,3091,1827,763,1064,6.230432,-617332.29931773,-1170223.39434987,583120,Ivančice,46,47555856.7337646,41694.20042129,583120,Ivančice,46,0.473370337047032,0.00585579438743787
180,584002,Tišnov,584002,Tišnov,62171,Tišnov,6217,Tišnov,40720,CZ0643,Brno-venkov,3115,CZ064,Jihomoravský kraj,33,25,124,91,300,216,9101,4266,4835,1635,830,805,5678,2722,2956,1788,714,1074,6.629055,-608937.91122728,-1142202.21584031,584002,Tišnov,156,17118735.6362305,43445.11553235,584002,Tišnov,155,0.499583607187163,0.00211888807005511
181,581283,Blansko,581283,Blansko,62012,Blansko,6201,Blansko,40703,CZ0641,Blansko,3115,CZ064,Jihomoravský kraj,98,40,209,220,372,497,20664,10033,10631,2997,1543,1454,13477,6761,6716,4190,1729,2461,4.572261,-592625.00191161,-1142561.4303436,581283,Blansko,7,44968062.8965454,45412.44192464,581283,Blansko,5,0.520586808252338,0.0055673716190138
182,584801,Pohořelice,584801,Pohořelice,62131,Pohořelice,6213,Pohořelice,40720,CZ0643,Brno-venkov,3115,CZ064,Jihomoravský kraj,23,17,47,47,190,131,4814,2361,2453,721,366,355,3259,1650,1609,834,345,489,5.725658,-606645.97211299,-1185445.87193438,,,,43044968.4476929,47895.66937563,584801,Pohořelice,110,0.552009312040473,0.00528708030125563
183,592889,Vyškov,592889,Vyškov,62193,Vyškov,6219,Vyškov,40754,CZ0646,Vyškov,3115,CZ064,Jihomoravský kraj,111,54,222,212,431,503,21250,10324,10926,2944,1508,1436,14472,7252,7220,3834,1564,2270,4.614231,-571271.73854733,-1152190.49515418,592889,Vyškov,176,50422248.62854,54413.43970709,592889,Vyškov,176,0.632034728081353,0.00623436899859441
184,582786,Brno,551325,Brno-Bosonohy,62031,Brno,6203,Brno,40711,CZ0642,Brno-město,3115,CZ064,Jihomoravský kraj,1846,929,4405,4053,8934,9698,377028,181890,195138,55325,28230,27095,246583,123423,123160,75120,30237,44883,7.316583,-599411.94967214,-1159315.15602253,582786,Brno,14,230183197.718262,126504.10221132,582786,Brno,12,1.44791389314918,0.0284092027076365
